<?xml version="1.0" encoding="UTF-8"?>
<project-private xmlns="http://www.netbeans.org/ns/project-private/1">
    <editor-bookmarks xmlns="http://www.netbeans.org/ns/editor-bookmarks/2" lastBookmarkId="0"/>
    <open-files xmlns="http://www.netbeans.org/ns/projectui-open-files/2">
        <group>
            <file>file:/C:/Users/enyae/OneDrive%20-%20Universitatea%20Politehnica%20Bucuresti/2nd%20Year/2nd%20Year,%201st%20Semester/TEME%20&amp;%20PROIECTE/4.Programare%20orientat%20pe%20obiecte%20()/ProiecteJavaSeminar2022/Seminar2Exercitiu/src/Seminar2Floare/DesenareMain.java</file>
            <file>file:/C:/Users/enyae/OneDrive%20-%20Universitatea%20Politehnica%20Bucuresti/2nd%20Year/2nd%20Year,%201st%20Semester/TEME%20&amp;%20PROIECTE/4.Programare%20orientat%20pe%20obiecte%20()/ProiecteJavaSeminar2022/Seminar2Exercitiu/src/Seminar2Floare/Dreptunghi.java</file>
            <file>file:/C:/Users/enyae/OneDrive%20-%20Universitatea%20Politehnica%20Bucuresti/2nd%20Year/2nd%20Year,%201st%20Semester/TEME%20&amp;%20PROIECTE/4.Programare%20orientat%20pe%20obiecte%20()/ProiecteJavaSeminar2022/Seminar2Exercitiu/src/Seminar2Floare/PanzaDesenareFloare.java</file>
        </group>
    </open-files>
</project-private>
